-- Create calendar table
DROP TABLE IF EXISTS calendar;

CREATE TABLE guest_house.calendar (
  i date NOT NULL,
  PRIMARY KEY (i)
);
INSERT INTO calendar VALUES ('2016-11-03'),('2016-11-04'),('2016-11-05'),('2016-11-06'),('2016-11-07'),('2016-11-08'),('2016-11-09'),('2016-11-10'),('2016-11-11'),('2016-11-12'),('2016-11-13'),('2016-11-14'),('2016-11-15'),('2016-11-16'),('2016-11-17'),('2016-11-18'),('2016-11-19'),('2016-11-20'),('2016-11-21'),('2016-11-22'),('2016-11-23'),('2016-11-24'),('2016-11-25'),('2016-11-26'),('2016-11-27'),('2016-11-28'),('2016-11-29'),('2016-11-30'),('2016-12-01'),('2016-12-02'),('2016-12-03'),('2016-12-04'),('2016-12-05'),('2016-12-06'),('2016-12-07'),('2016-12-08'),('2016-12-09'),('2016-12-10'),('2016-12-11'),('2016-12-12'),('2016-12-13'),('2016-12-14'),('2016-12-15'),('2016-12-16'),('2016-12-17'),('2016-12-18'),('2016-12-19'),('2016-12-20'),('2016-12-21'),('2016-12-22'),('2016-12-23'),('2016-12-24'),('2016-12-25'),('2016-12-26'),('2016-12-27'),('2016-12-28'),('2016-12-29'),('2016-12-30'),('2016-12-31'),('2017-01-01'),('2017-01-02'),('2017-01-03'),('2017-01-04'),('2017-01-05'),('2017-01-06'),('2017-01-07'),('2017-01-08'),('2017-01-09'),('2017-01-10'),('2017-01-11'),('2017-01-12'),('2017-01-13'),('2017-01-14'),('2017-01-15'),('2017-01-16'),('2017-01-17'),('2017-01-18'),('2017-01-19'),('2017-01-20'),('2017-01-21'),('2017-01-22'),('2017-01-23'),('2017-01-24'),('2017-01-25'),('2017-01-26'),('2017-01-27'),('2017-01-28'),('2017-01-29'),('2017-01-30'),('2017-01-31'),('2017-02-01'),('2017-02-02'),('2017-02-03'),('2017-02-04'),('2017-02-05'),('2017-02-06'),('2017-02-07'),('2017-02-08'),('2017-02-09'),('2017-02-10'),('2017-02-11'),('2017-02-12'),('2017-02-13'),('2017-02-14'),('2017-02-15'),('2017-02-16'),('2017-02-17'),('2017-02-18'),('2017-02-19'),('2017-02-20'),('2017-02-21'),('2017-02-22'),('2017-02-23'),('2017-02-24'),('2017-02-25'),('2017-02-26'),('2017-02-27'),('2017-02-28'),('2017-03-01'),('2017-03-02'),('2017-03-03'),('2017-03-04'),('2017-03-05'),('2017-03-06'),('2017-03-07'),('2017-03-08'),('2017-03-09'),('2017-03-10'),('2017-03-11'),('2017-03-12'),('2017-03-13'),('2017-03-14'),('2017-03-15'),('2017-03-16'),('2017-03-17'),('2017-03-18'),('2017-03-19'),('2017-03-20'),('2017-03-21'),('2017-03-22'),('2017-03-23'),('2017-03-24'),('2017-03-25'),('2017-03-26'),('2017-03-27'),('2017-03-28'),('2017-03-29'),('2017-03-30'),('2017-03-31'),('2017-04-01'),('2017-04-02'),('2017-04-03'),('2017-04-04'),('2017-04-05'),('2017-04-06'),('2017-04-07'),('2017-04-08'),('2017-04-09'),('2017-04-10'),('2017-04-11'),('2017-04-12'),('2017-04-13'),('2017-04-14'),('2017-04-15'),('2017-04-16'),('2017-04-17'),('2017-04-18'),('2017-04-19'),('2017-04-20'),('2017-04-21'),('2017-04-22'),('2017-04-23'),('2017-04-24'),('2017-04-25'),('2017-04-26'),('2017-04-27'),('2017-04-28'),('2017-04-29'),('2017-04-30'),('2017-05-01'),('2017-05-02'),('2017-05-03'),('2017-05-04'),('2017-05-05'),('2017-05-06'),('2017-05-07'),('2017-05-08'),('2017-05-09'),('2017-05-10'),('2017-05-11'),('2017-05-12'),('2017-05-13'),('2017-05-14'),('2017-05-15'),('2017-05-16'),('2017-05-17'),('2017-05-18'),('2017-05-19'),('2017-05-20'),('2017-05-21'),('2017-05-22'),('2017-05-23'),('2017-05-24'),('2017-05-25'),('2017-05-26'),('2017-05-27'),('2017-05-28'),('2017-05-29'),('2017-05-30'),('2017-05-31'),('2017-06-01'),('2017-06-02'),('2017-06-03'),('2017-06-04'),('2017-06-05'),('2017-06-06'),('2017-06-07'),('2017-06-08'),('2017-06-09'),('2017-06-10'),('2017-06-11'),('2017-06-12'),('2017-06-13'),('2017-06-14'),('2017-06-15'),('2017-06-16'),('2017-06-17'),('2017-06-18'),('2017-06-19'),('2017-06-20'),('2017-06-21'),('2017-06-22'),('2017-06-23'),('2017-06-24'),('2017-06-25'),('2017-06-26'),('2017-06-27'),('2017-06-28'),('2017-06-29'),('2017-06-30'),('2017-07-01'),('2017-07-02'),('2017-07-03'),('2017-07-04'),('2017-07-05'),('2017-07-06'),('2017-07-07'),('2017-07-08'),('2017-07-09'),('2017-07-10'),('2017-07-11'),('2017-07-12'),('2017-07-13'),('2017-07-14'),('2017-07-15'),('2017-07-16'),('2017-07-17'),('2017-07-18'),('2017-07-19'),('2017-07-20'),('2017-07-21'),('2017-07-22'),('2017-07-23'),('2017-07-24'),('2017-07-25'),('2017-07-26'),('2017-07-27'),('2017-07-28'),('2017-07-29'),('2017-07-30'),('2017-07-31'),('2017-08-01'),('2017-08-02'),('2017-08-03'),('2017-08-04'),('2017-08-05'),('2017-08-06'),('2017-08-07'),('2017-08-08'),('2017-08-09'),('2017-08-10'),('2017-08-11'),('2017-08-12'),('2017-08-13'),('2017-08-14'),('2017-08-15'),('2017-08-16'),('2017-08-17'),('2017-08-18'),('2017-08-19'),('2017-08-20'),('2017-08-21'),('2017-08-22'),('2017-08-23'),('2017-08-24'),('2017-08-25'),('2017-08-26'),('2017-08-27'),('2017-08-28'),('2017-08-29'),('2017-08-30'),('2017-08-31'),('2017-09-01'),('2017-09-02'),('2017-09-03'),('2017-09-04'),('2017-09-05'),('2017-09-06'),('2017-09-07'),('2017-09-08'),('2017-09-09'),('2017-09-10'),('2017-09-11'),('2017-09-12'),('2017-09-13'),('2017-09-14'),('2017-09-15'),('2017-09-16'),('2017-09-17'),('2017-09-18'),('2017-09-19'),('2017-09-20'),('2017-09-21'),('2017-09-22'),('2017-09-23'),('2017-09-24'),('2017-09-25'),('2017-09-26'),('2017-09-27'),('2017-09-28'),('2017-09-29'),('2017-09-30'),('2017-10-01'),('2017-10-02'),('2017-10-03'),('2017-10-04'),('2017-10-05'),('2017-10-06'),('2017-10-07'),('2017-10-08'),('2017-10-09'),('2017-10-10'),('2017-10-11'),('2017-10-12'),('2017-10-13'),('2017-10-14'),('2017-10-15'),('2017-10-16'),('2017-10-17'),('2017-10-18'),('2017-10-19'),('2017-10-20'),('2017-10-21'),('2017-10-22'),('2017-10-23'),('2017-10-24'),('2017-10-25'),('2017-10-26'),('2017-10-27'),('2017-10-28'),('2017-10-29'),('2017-10-30'),('2017-10-31'),('2017-11-01'),('2017-11-02'),('2017-11-03'),('2017-11-04'),('2017-11-05'),('2017-11-06'),('2017-11-07'),('2017-11-08'),('2017-11-09'),('2017-11-10'),('2017-11-11'),('2017-11-12'),('2017-11-13'),('2017-11-14'),('2017-11-15'),('2017-11-16'),('2017-11-17'),('2017-11-18'),('2017-11-19'),('2017-11-20'),('2017-11-21'),('2017-11-22'),('2017-11-23'),('2017-11-24'),('2017-11-25'),('2017-11-26'),('2017-11-27'),('2017-11-28'),('2017-11-29'),('2017-11-30'),('2017-12-01'),('2017-12-02'),('2017-12-03'),('2017-12-04'),('2017-12-05'),('2017-12-06'),('2017-12-07'),('2017-12-08'),('2017-12-09'),('2017-12-10'),('2017-12-11'),('2017-12-12'),('2017-12-13'),('2017-12-14'),('2017-12-15'),('2017-12-16'),('2017-12-17'),('2017-12-18'),('2017-12-19'),('2017-12-20'),('2017-12-21'),('2017-12-22'),('2017-12-23'),('2017-12-24'),('2017-12-25'),('2017-12-26'),('2017-12-27'),('2017-12-28'),('2017-12-29'),('2017-12-30'),('2017-12-31'),('2018-01-01'),('2018-01-02'),('2018-01-03'),('2018-01-04'),('2018-01-05'),('2018-01-06'),('2018-01-07'),('2018-01-08'),('2018-01-09'),('2018-01-10'),('2018-01-11'),('2018-01-12'),('2018-01-13'),('2018-01-14'),('2018-01-15'),('2018-01-16'),('2018-01-17'),('2018-01-18'),('2018-01-19'),('2018-01-20'),('2018-01-21'),('2018-01-22'),('2018-01-23'),('2018-01-24'),('2018-01-25'),('2018-01-26'),('2018-01-27'),('2018-01-28'),('2018-01-29'),('2018-01-30'),('2018-01-31'),('2018-02-01'),('2018-02-02'),('2018-02-03'),('2018-02-04'),('2018-02-05'),('2018-02-06'),('2018-02-07'),('2018-02-08'),('2018-02-09'),('2018-02-10'),('2018-02-11'),('2018-02-12'),('2018-02-13'),('2018-02-14'),('2018-02-15'),('2018-02-16'),('2018-02-17'),('2018-02-18'),('2018-02-19'),('2018-02-20'),('2018-02-21'),('2018-02-22'),('2018-02-23'),('2018-02-24'),('2018-02-25'),('2018-02-26'),('2018-02-27'),('2018-02-28'),('2018-03-01'),('2018-03-02'),('2018-03-03'),('2018-03-04'),('2018-03-05'),('2018-03-06'),('2018-03-07'),('2018-03-08'),('2018-03-09'),('2018-03-10'),('2018-03-11'),('2018-03-12'),('2018-03-13'),('2018-03-14'),('2018-03-15'),('2018-03-16'),('2018-03-17'),('2018-03-18'),('2018-03-19'),('2018-03-20'),('2018-03-21'),('2018-03-22'),('2018-03-23'),('2018-03-24'),('2018-03-25'),('2018-03-26'),('2018-03-27'),('2018-03-28'),('2018-03-29'),('2018-03-30'),('2018-03-31'),('2018-04-01'),('2018-04-02'),('2018-04-03'),('2018-04-04'),('2018-04-05'),('2018-04-06'),('2018-04-07'),('2018-04-08'),('2018-04-09'),('2018-04-10'),('2018-04-11'),('2018-04-12'),('2018-04-13'),('2018-04-14'),('2018-04-15'),('2018-04-16'),('2018-04-17'),('2018-04-18'),('2018-04-19'),('2018-04-20'),('2018-04-21'),('2018-04-22'),('2018-04-23'),('2018-04-24'),('2018-04-25'),('2018-04-26'),('2018-04-27'),('2018-04-28'),('2018-04-29'),('2018-04-30'),('2018-05-01'),('2018-05-02'),('2018-05-03'),('2018-05-04'),('2018-05-05'),('2018-05-06'),('2018-05-07'),('2018-05-08'),('2018-05-09'),('2018-05-10'),('2018-05-11'),('2018-05-12'),('2018-05-13'),('2018-05-14'),('2018-05-15'),('2018-05-16'),('2018-05-17'),('2018-05-18'),('2018-05-19'),('2018-05-20'),('2018-05-21'),('2018-05-22'),('2018-05-23'),('2018-05-24'),('2018-05-25'),('2018-05-26'),('2018-05-27'),('2018-05-28'),('2018-05-29'),('2018-05-30'),('2018-05-31'),('2018-06-01'),('2018-06-02'),('2018-06-03'),('2018-06-04'),('2018-06-05'),('2018-06-06'),('2018-06-07'),('2018-06-08'),('2018-06-09'),('2018-06-10'),('2018-06-11'),('2018-06-12'),('2018-06-13'),('2018-06-14'),('2018-06-15'),('2018-06-16'),('2018-06-17'),('2018-06-18'),('2018-06-19'),('2018-06-20'),('2018-06-21'),('2018-06-22'),('2018-06-23'),('2018-06-24'),('2018-06-25'),('2018-06-26'),('2018-06-27'),('2018-06-28'),('2018-06-29'),('2018-06-30'),('2018-07-01'),('2018-07-02'),('2018-07-03'),('2018-07-04'),('2018-07-05'),('2018-07-06'),('2018-07-07'),('2018-07-08'),('2018-07-09'),('2018-07-10'),('2018-07-11'),('2018-07-12'),('2018-07-13'),('2018-07-14'),('2018-07-15'),('2018-07-16'),('2018-07-17'),('2018-07-18'),('2018-07-19'),('2018-07-20'),('2018-07-21'),('2018-07-22'),('2018-07-23'),('2018-07-24'),('2018-07-25'),('2018-07-26'),('2018-07-27'),('2018-07-28'),('2018-07-29'),('2018-07-30'),('2018-07-31'),('2018-08-01'),('2018-08-02'),('2018-08-03'),('2018-08-04'),('2018-08-05'),('2018-08-06'),('2018-08-07'),('2018-08-08'),('2018-08-09'),('2018-08-10'),('2018-08-11'),('2018-08-12'),('2018-08-13'),('2018-08-14'),('2018-08-15'),('2018-08-16'),('2018-08-17'),('2018-08-18'),('2018-08-19'),('2018-08-20'),('2018-08-21'),('2018-08-22'),('2018-08-23'),('2018-08-24'),('2018-08-25'),('2018-08-26'),('2018-08-27'),('2018-08-28'),('2018-08-29'),('2018-08-30'),('2018-08-31'),('2018-09-01'),('2018-09-02'),('2018-09-03'),('2018-09-04'),('2018-09-05'),('2018-09-06'),('2018-09-07'),('2018-09-08'),('2018-09-09'),('2018-09-10'),('2018-09-11'),('2018-09-12'),('2018-09-13'),('2018-09-14'),('2018-09-15'),('2018-09-16'),('2018-09-17'),('2018-09-18'),('2018-09-19'),('2018-09-20'),('2018-09-21'),('2018-09-22'),('2018-09-23'),('2018-09-24'),('2018-09-25'),('2018-09-26'),('2018-09-27'),('2018-09-28'),('2018-09-29'),('2018-09-30'),('2018-10-01'),('2018-10-02'),('2018-10-03'),('2018-10-04'),('2018-10-05'),('2018-10-06'),('2018-10-07'),('2018-10-08'),('2018-10-09'),('2018-10-10'),('2018-10-11'),('2018-10-12'),('2018-10-13'),('2018-10-14'),('2018-10-15'),('2018-10-16'),('2018-10-17'),('2018-10-18'),('2018-10-19'),('2018-10-20'),('2018-10-21'),('2018-10-22'),('2018-10-23'),('2018-10-24'),('2018-10-25'),('2018-10-26'),('2018-10-27'),('2018-10-28'),('2018-10-29'),('2018-10-30'),('2018-10-31'),('2018-11-01'),('2018-11-02'),('2018-11-03'),('2018-11-04'),('2018-11-05'),('2018-11-06'),('2018-11-07'),('2018-11-08'),('2018-11-09'),('2018-11-10'),('2018-11-11'),('2018-11-12'),('2018-11-13'),('2018-11-14'),('2018-11-15'),('2018-11-16'),('2018-11-17'),('2018-11-18'),('2018-11-19'),('2018-11-20'),('2018-11-21'),('2018-11-22'),('2018-11-23'),('2018-11-24'),('2018-11-25'),('2018-11-26'),('2018-11-27'),('2018-11-28'),('2018-11-29'),('2018-11-30'),('2018-12-01'),('2018-12-02'),('2018-12-03'),('2018-12-04'),('2018-12-05'),('2018-12-06'),('2018-12-07'),('2018-12-08'),('2018-12-09'),('2018-12-10'),('2018-12-11'),('2018-12-12'),('2018-12-13'),('2018-12-14'),('2018-12-15'),('2018-12-16'),('2018-12-17'),('2018-12-18'),('2018-12-19'),('2018-12-20'),('2018-12-21'),('2018-12-22'),('2018-12-23'),('2018-12-24'),('2018-12-25'),('2018-12-26'),('2018-12-27'),('2018-12-28'),('2018-12-29'),('2018-12-30'),('2018-12-31'),('2019-01-01'),('2019-01-02'),('2019-01-03'),('2019-01-04'),('2019-01-05'),('2019-01-06'),('2019-01-07'),('2019-01-08'),('2019-01-09'),('2019-01-10'),('2019-01-11'),('2019-01-12'),('2019-01-13'),('2019-01-14'),('2019-01-15'),('2019-01-16'),('2019-01-17'),('2019-01-18'),('2019-01-19'),('2019-01-20'),('2019-01-21'),('2019-01-22'),('2019-01-23'),('2019-01-24'),('2019-01-25'),('2019-01-26'),('2019-01-27'),('2019-01-28'),('2019-01-29'),('2019-01-30'),('2019-01-31'),('2019-02-01'),('2019-02-02'),('2019-02-03'),('2019-02-04'),('2019-02-05'),('2019-02-06'),('2019-02-07'),('2019-02-08'),('2019-02-09'),('2019-02-10'),('2019-02-11'),('2019-02-12'),('2019-02-13'),('2019-02-14'),('2019-02-15'),('2019-02-16'),('2019-02-17'),('2019-02-18'),('2019-02-19'),('2019-02-20'),('2019-02-21'),('2019-02-22'),('2019-02-23'),('2019-02-24'),('2019-02-25'),('2019-02-26'),('2019-02-27'),('2019-02-28'),('2019-03-01'),('2019-03-02'),('2019-03-03'),('2019-03-04'),('2019-03-05'),('2019-03-06'),('2019-03-07'),('2019-03-08'),('2019-03-09'),('2019-03-10'),('2019-03-11'),('2019-03-12'),('2019-03-13'),('2019-03-14'),('2019-03-15'),('2019-03-16'),('2019-03-17'),('2019-03-18'),('2019-03-19'),('2019-03-20'),('2019-03-21'),('2019-03-22'),('2019-03-23'),('2019-03-24'),('2019-03-25'),('2019-03-26'),('2019-03-27'),('2019-03-28'),('2019-03-29'),('2019-03-30'),('2019-03-31'),('2019-04-01'),('2019-04-02'),('2019-04-03'),('2019-04-04'),('2019-04-05'),('2019-04-06'),('2019-04-07'),('2019-04-08'),('2019-04-09'),('2019-04-10'),('2019-04-11'),('2019-04-12'),('2019-04-13'),('2019-04-14'),('2019-04-15'),('2019-04-16'),('2019-04-17'),('2019-04-18'),('2019-04-19'),('2019-04-20'),('2019-04-21'),('2019-04-22'),('2019-04-23'),('2019-04-24'),('2019-04-25'),('2019-04-26'),('2019-04-27'),('2019-04-28'),('2019-04-29'),('2019-04-30'),('2019-05-01'),('2019-05-02'),('2019-05-03'),('2019-05-04'),('2019-05-05'),('2019-05-06'),('2019-05-07'),('2019-05-08'),('2019-05-09'),('2019-05-10'),('2019-05-11'),('2019-05-12'),('2019-05-13'),('2019-05-14'),('2019-05-15'),('2019-05-16'),('2019-05-17'),('2019-05-18'),('2019-05-19'),('2019-05-20'),('2019-05-21'),('2019-05-22'),('2019-05-23'),('2019-05-24'),('2019-05-25'),('2019-05-26'),('2019-05-27'),('2019-05-28'),('2019-05-29'),('2019-05-30'),('2019-05-31'),('2019-06-01'),('2019-06-02'),('2019-06-03'),('2019-06-04'),('2019-06-05'),('2019-06-06'),('2019-06-07'),('2019-06-08'),('2019-06-09'),('2019-06-10'),('2019-06-11'),('2019-06-12'),('2019-06-13'),('2019-06-14'),('2019-06-15'),('2019-06-16'),('2019-06-17'),('2019-06-18'),('2019-06-19'),('2019-06-20'),('2019-06-21'),('2019-06-22'),('2019-06-23'),('2019-06-24'),('2019-06-25'),('2019-06-26'),('2019-06-27'),('2019-06-28'),('2019-06-29'),('2019-06-30'),('2019-07-01'),('2019-07-02'),('2019-07-03'),('2019-07-04'),('2019-07-05'),('2019-07-06'),('2019-07-07'),('2019-07-08'),('2019-07-09'),('2019-07-10'),('2019-07-11'),('2019-07-12'),('2019-07-13'),('2019-07-14'),('2019-07-15'),('2019-07-16'),('2019-07-17'),('2019-07-18'),('2019-07-19'),('2019-07-20'),('2019-07-21'),('2019-07-22'),('2019-07-23'),('2019-07-24'),('2019-07-25'),('2019-07-26'),('2019-07-27'),('2019-07-28'),('2019-07-29'),('2019-07-30'),('2019-07-31'),('2019-08-01'),('2019-08-02'),('2019-08-03'),('2019-08-04'),('2019-08-05'),('2019-08-06'),('2019-08-07'),('2019-08-08'),('2019-08-09'),('2019-08-10'),('2019-08-11'),('2019-08-12'),('2019-08-13'),('2019-08-14'),('2019-08-15'),('2019-08-16'),('2019-08-17'),('2019-08-18'),('2019-08-19'),('2019-08-20'),('2019-08-21'),('2019-08-22'),('2019-08-23');

-- Create room_type table
DROP TABLE IF EXISTS room_type;
CREATE TABLE room_type (
  id varchar(6) NOT NULL,
  description varchar(100) DEFAULT NULL,
  PRIMARY KEY (id)
);

INSERT INTO room_type VALUES ('double','Fabulously appointed double room.'),('family','Superior appartment for up to 3 people.'),('single','Luxury accomodation suitable for one person.'),('twin','Superb room with two beds.');

-- Create guest table

DROP TABLE IF EXISTS guest;
CREATE TABLE guest (
  id int NOT NULL,
  first_name varchar(50) DEFAULT NULL,
  last_name varchar(50) DEFAULT NULL,
  address varchar(50) DEFAULT NULL,
  PRIMARY KEY (id)
);
INSERT INTO guest VALUES (1001,'Jim','Dowd','Lewisham West and Penge'),
  (1002,'Lyn','Brown','West Ham'),(1003,'Ann','Clwyd','Cynon Valley'),(1004,'Nic','Dakin','Scunthorpe'),
  (1005,'Pat','Glass','North West Durham'),(1006,'Kate','Hoey','Vauxhall'),
  (1007,'Mike','Kane','Wythenshawe and Sale East'),(1008,'John','Mann','Bassetlaw'),
  (1009,'Joan','Ryan','Enfield North'),(1010,'Cat','Smith','Lancaster and Fleetwood'),
  (1011,'Mark','Tami','Alyn and Deeside'),(1012,'Keith','Vaz','Leicester East'),(1013,'Ian','Austin','Dudley North'),(1014,'Liam','Byrne','Birmingham, Hodge Hill'),(1015,'Ann','Coffey','Stockport'),(1016,'Neil','Coyle','Bermondsey and Old Southwark'),(1017,'John','Cryer','Leyton and Wanstead'),(1018,'Peter','Dowd','Bootle'),(1019,'Paul','Flynn','Newport West'),(1020,'Kate','Green','Stretford and Urmston'),(1021,'Sue','Hayman','Workington'),(1022,'Dan','Jarvis','Barnsley Central'),(1023,'Peter','Kyle','Hove'),(1024,'Ian','Lavery','Wansbeck'),(1025,'Rob','Marris','Wolverhampton South West'),(1026,'Ian','Mearns','Gateshead'),(1027,'Ian','Murray','Edinburgh South'),(1028,'Lisa','Nandy','Wigan'),(1029,'Jeff','Smith','Manchester, Withington'),(1030,'Nick','Smith','Blaenau Gwent'),(1031,'Owen','Smith','Pontypridd'),(1032,'Jo','Stevens','Cardiff Central'),(1033,'Tom','Watson','West Bromwich East'),(1034,'Hilary','Benn','Leeds Central'),(1035,'Dawn','Butler','Brent Central'),(1036,'Mary','Creagh','Wakefield'),(1037,'Jon','Cruddas','Dagenham and Rainham'),(1038,'Wayne','David','Caerphilly'),(1039,'Jack','Dromey','Birmingham, Erdington'),(1040,'Maria','Eagle','Garston and Halewood'),(1041,'Frank','Field','Birkenhead'),(1042,'Helen','Hayes','Dulwich and West Norwood'),(1043,'John','Healey','Wentworth and Dearne'),(1044,'Dr Rupa','Huq','Ealing Central and Acton'),(1045,'Helen','Jones','Warrington North'),(1046,'Liz','Kendall','Leicester West'),(1047,'Clive','Lewis','Norwich South'),(1048,'Holly','Lynch','Halifax'),(1049,'Liz','McInnes','Heywood and Middleton'),(1050,'Jim','McMahon','Oldham West and Royton'),(1051,'Melanie','Onn','Great Grimsby'),(1052,'Chi','Onwurah','Newcastle upon Tyne Central'),(1053,'Albert','Owen','Ynys Môn'),(1054,'Ruth','Smeeth','Stoke-on-Trent North'),(1055,'Karin','Smyth','Bristol South'),(1056,'Karl','Turner','Kingston upon Hull East'),(1057,'Derek','Twigg','Halton'),(1058,'Valerie','Vaz','Walsall South'),(1059,'Phil','Wilson','Sedgefield'),(1060,'Kevin','Barron','Rother Valley'),(1061,'John','Bercow','Buckingham'),(1062,'Chris','Bryant','Rhondda'),(1063,'Andy','Burnham','Leigh'),(1064,'Ruth','Cadbury','Brentford and Isleworth'),(1065,'Julie','Cooper','Burnley'),(1066,'Rosie','Cooper','West Lancashire'),(1067,'Clive','Efford','Eltham'),(1068,'Chris','Elmore','Ogmore'),(1069,'Gill','Furniss','Sheffield, Brightside and Hillsborough'),(1070,'Mary','Glindon','North Tyneside'),(1071,'Nia','Griffith','Llanelli'),(1072,'Louise','Haigh','Sheffield, Heeley'),(1073,'Kate','Hollern','Blackburn'),(1074,'Alan','Johnson','Kingston upon Hull West and Hessle'),(1075,'Gerald','Jones','Merthyr Tydfil and Rhymney'),(1076,'Graham','Jones','Hyndburn'),(1077,'Ian C.','Lucas','Wrexham'),(1078,'Steve','McCabe','Birmingham, Selly Oak'),(1079,'Conor','McGinn','St Helens North'),(1080,'Toby','Perkins','Chesterfield'),(1081,'Marie','Rimmer','St Helens South and Whiston'),(1082,'Tulip','Siddiq','Hampstead and Kilburn'),(1083,'Angela','Smith','Penistone and Stocksbridge'),(1084,'John','Spellar','Warley'),(1085,'Keir','Starmer','Holborn and St Pancras'),(1086,'Jon','Trickett','Hemsworth'),(1087,'Rushanara','Ali','Bethnal Green and Bow'),(1088,'Kevin','Brennan','Cardiff West'),(1089,'Ms Karen','Buck','Westminster North'),(1090,'Jenny','Chapman','Darlington'),(1091,'Vernon','Coaker','Gedling'),(1092,'Yvette','Cooper','Normanton, Pontefract and Castleford'),(1093,'Jeremy','Corbyn','Islington North'),(1094,'Julie','Elliott','Sunderland Central'),(1095,'Bill','Esterson','Sefton Central'),(1096,'Paul','Farrelly','Newcastle-under-Lyme'),(1097,'Robert','Flello','Stoke-on-Trent South'),(1098,'Helen','Goodman','Bishop Auckland'),(1099,'Andrew','Gwynne','Denton and Reddish'),(1100,'Tristram','Hunt','Stoke-on-Trent Central'),(1101,'Imran','Hussain','Bradford East'),(1102,'Diana','Johnson','Kingston upon Hull North'),(1103,'Mr Ivan','Lewis','Bury South'),(1104,'Andy','McDonald','Middlesbrough'),(1105,'Teresa','Pearce','Erith and Thamesmead'),(1106,'Jess','Phillips','Birmingham, Yardley'),(1107,'Stephen','Pound','Ealing North'),(1108,'Angela','Rayner','Ashton-under-Lyne'),(1109,'Mr Jamie','Reed','Copeland'),(1110,'Rachel','Reeves','Leeds West'),(1111,'Emma','Reynolds','Wolverhampton North East'),(1112,'Naz','Shah','Bradford West'),(1113,'Wes','Streeting','Ilford North'),(1114,'Stephen','Timms','East Ham'),(1115,'Mr Clive','Betts','Sheffield South East'),(1116,'Tom','Blenkinsop','Middlesbrough South and East Cleveland'),(1117,'Paul','Blomfield','Sheffield Central'),(1118,'Richard','Burden','Birmingham, Northfield'),(1119,'Richard','Burgon','Leeds East'),(1120,'Sarah','Champion','Rotherham'),(1121,'Judith','Cummins','Bradford South'),(1122,'Michael','Dugher','Barnsley East'),(1123,'Natascha','Engel','North East Derbyshire'),(1124,'Caroline','Flint','Don Valley'),(1125,'Vicky','Foxcroft','Lewisham, Deptford'),(1126,'Barry','Gardiner','Brent North'),(1127,'Carolyn','Harris','Swansea East'),(1128,'Kelvin','Hopkins','Luton North'),(1129,'Mr Kevan','Jones','North Durham'),(1130,'Barbara','Keeley','Worsley and Eccles South'),(1131,'Mr David','Lammy','Tottenham'),(1132,'Kerry','McCarthy','Bristol East'),(1133,'John','McDonnell','Hayes and Harlington'),(1134,'Justin','Madders','Ellesmere Port and Neston'),(1135,'Gordon','Marsden','Blackpool South'),(1136,'Paul','Maskey','Belfast West'),(1137,'Sir Alan','Meale','Mansfield'),(1138,'Jessica','Morden','Newport East'),(1139,'Grahame','Morris','Easington'),(1140,'Yasmin','Qureshi','Bolton South East'),(1141,'Christina','Rees','Neath'),(1142,'Steve','Rotheram','Liverpool, Walton'),(1143,'Paula','Sherriff','Dewsbury'),(1144,'Andy','Slaughter','Hammersmith'),(1145,'Catherine','West','Hornsey and Wood Green'),(1146,'Mr Iain','Wright','Hartlepool'),(1147,'Ms Diane','Abbott','Hackney North and Stoke Newington'),(1148,'Debbie','Abrahams','Oldham East and Saddleworth'),(1149,'Heidi','Alexander','Lewisham East'),(1150,'Mr Graham','Allen','Nottingham North'),(1151,'Guto','Bebb','Aberconwy'),(1152,'Mr Ben','Bradshaw','Exeter'),(1153,'Mickey','Brady','Newry and Armagh'),(1154,'Alex','Cunningham','Stockton North'),(1155,'Gloria','De Piero','Ashfield'),(1156,'Ms Angela','Eagle','Wallasey'),(1157,'Jim','Fitzpatrick','Poplar and Limehouse'),(1158,'Yvonne','Fovargue','Makerfield'),(1159,'Nick','Gibb','Bognor Regis and Littlehampton'),(1160,'John','Glen','Salisbury'),(1161,'Luke','Hall','Thornbury and Yate'),(1162,'Fabian','Hamilton','Leeds North East'),(1163,'Mr David','Hanson','Delyn'),(1164,'Stephen','Kinnock','Aberavon'),(1165,'Mr Pat','McFadden','Wolverhampton South East'),(1166,'Alison','McGovern','Wirral South'),(1167,'Shabana','Mahmood','Birmingham, Ladywood'),(1168,'Edward','Miliband','Doncaster North'),(1169,'Mr Andrew','Smith','Oxford East'),(1170,'Graham','Stringer','Blackley and Broughton'),(1171,'Mr Chuka','Umunna','Streatham'),(1172,'Mike','Wood','Dudley South'),(1173,'Daniel','Zeichner','Cambridge'),(1174,'Lucy','Allan','Telford'),(1175,'Margaret','Beckett','Derby South'),(1176,'Jake','Berry','Rossendale and Darwen'),(1177,'Nick','Boles','Grantham and Stamford'),(1178,'Mr Alan','Campbell','Tynemouth'),(1179,'Alex','Chalk','Cheltenham'),(1180,'Greg','Clark','Tunbridge Wells'),(1181,'Mr David','Crausby','Bolton North East'),(1182,'Mark','Field','Cities of London and Westminster'),(1183,'Colleen','Fletcher','Coventry North East'),(1184,'Mike','Freer','Finchley and Golders Green'),(1185,'Mr Roger','Godsiff','Birmingham, Hall Green'),(1186,'James','Gray','North Wiltshire'),(1187,'Lilian','Greenwood','Nottingham South'),(1188,'Ben','Gummer','Ipswich'),(1189,'Greg','Hands','Chelsea and Fulham'),(1190,'Simon','Hart','Carmarthen West and South Pembrokeshire'),(1191,'Lady','Hermon','North Down'),(1192,'Mr Lindsay','Hoyle','Chorley'),(1193,'Susan Elan','Jones','Clwyd South'),(1194,'Fiona','Mactaggart','Slough'),(1195,'Scott','Mann','North Cornwall'),(1196,'Dr','Poulter','Central Suffolk and North Ipswich'),(1197,'Amber','Rudd','Hastings and Rye'),(1198,'Mel','Stride','Central Devon'),(1199,'Ms Gisela','Stuart','Birmingham, Edgbaston'),(1200,'Emily','Thornberry','Islington South and Finsbury'),(1201,'Mr David','Winnick','Walsall North'),(1202,'Nigel','Adams','Selby and Ainsty'),(1203,'Heidi','Allen','South Cambridgeshire'),(1204,'Mr David','Anderson','Blaydon'),(1205,'James','Berry','Kingston and Surbiton'),(1206,'Steve','Brine','Winchester'),(1207,'Mr Nicholas','Brown','Newcastle upon Tyne East'),(1208,'Fiona','Bruce','Congleton'),(1209,'Conor','Burns','Bournemouth West'),(1210,'Alun','Cairns','Vale of Glamorgan'),(1211,'Mr Jim','Cunningham','Coventry South'),(1212,'Glyn','Davies','Montgomeryshire'),(1213,'Mims','Davies','Eastleigh'),(1214,'Mr Pat','Doherty','West Tyrone'),(1215,'Dr Liam','Fox','North Somerset'),(1216,'Lucy','Frazer','South East Cambridgeshire'),(1217,'Marcus','Fysh','Yeovil'),(1218,'Chris','Green','Bolton West'),(1219,'Ms Harriet','Harman','Camberwell and Peckham'),(1220,'Simon','Hoare','North Dorset'),(1221,'Mr George','Howarth','Knowsley'),(1222,'John','Howell','Henley'),(1223,'Ben','Howlett','Bath'),(1224,'Sajid','Javid','Bromsgrove'),(1225,'Simon','Kirby','Brighton, Kemptown'),(1226,'Siobhain','McDonagh','Mitcham and Morden'),(1227,'Mr Khalid','Mahmood','Birmingham, Perry Barr'),(1228,'Mr Alan','Mak','Havant'),(1229,'Nigel','Mills','Amber Valley'),(1230,'Anne','Milton','Guildford'),(1231,'Francie','Molloy','Mid Ulster'),(1232,'David','Mowat','Warrington South'),(1233,'Neil','Parish','Tiverton and Honiton'),(1234,'Priti','Patel','Witham'),(1235,'Mark','Pawsey','Rugby'),(1236,'Matthew','Pennycook','Greenwich and Woolwich'),(1237,'Chris','Philp','Croydon South'),(1238,'Rebecca','Pow','Taunton Deane'),(1239,'Jeremy','Quin','Horsham'),(1240,'Will','Quince','Colchester'),(1241,'Paul','Scully','Sutton and Cheam'),(1242,'Alok','Sharma','Reading West'),(1243,'Mr Dennis','Skinner','Bolsover'),(1244,'Chloe','Smith','Norwich North'),(1245,'Henry','Smith','Crawley'),(1246,'Anna','Soubry','Broxtowe'),(1247,'Bob','Stewart','Beckenham'),(1248,'Rishi','Sunak','Richmond (Yorks)'),(1249,'Matt','Warman','Boston and Skegness'),(1250,'Chris','White','Warwick and Leamington'),(1251,'Dr Alan','Whitehead','Southampton, Test'),(1252,'Bill','Wiggin','North Herefordshire'),(1253,'Adam','Afriyie','Windsor'),(1254,'Peter','Aldous','Waveney'),(1255,'Edward','Argar','Charnwood'),(1256,'Bob','Blackman','Harrow East'),(1257,'Mr Ronnie','Campbell','Blyth Valley'),(1258,'Jo','Churchill','Bury St Edmunds'),(1259,'Simon','Danczuk','Rochdale'),(1260,'Byron','Davies','Gower'),(1261,'Chris','Davies','Brecon and Radnorshire'),(1262,'Thangam','Debbonaire','Bristol West'),(1263,'Steve','Double','St Austell and Newquay'),(1264,'Richard','Drax','South Dorset'),(1265,'Jane','Ellison','Battersea'),(1266,'Graham','Evans','Weaver Vale'),(1267,'Kevin','Foster','Torbay'),(1268,'Mike','Gapes','Ilford South'),(1269,'Mark','Garnier','Wyre Forest'),(1270,'Nusrat','Ghani','Wealden'),(1271,'Michael','Gove','Surrey Heath'),(1272,'Damian','Green','Ashford'),(1273,'Margaret','Greenwood','Wirral West'),(1274,'Mr Stephen','Hepburn','Jarrow'),(1275,'Nick','Herbert','Arundel and South Downs'),(1276,'Damian','Hinds','East Hampshire'),(1277,'Mrs Sharon','Hodgson','Washington and Sunderland West'),(1278,'Kris','Hopkins','Keighley'),(1279,'Mr Nick','Hurd','Ruislip, Northwood and Pinner'),(1280,'Margot','James','Stourbridge'),(1281,'Andrew','Jones','Harrogate and Knaresborough'),(1282,'Sir Gerald','Kaufman','Manchester, Gorton'),(1283,'Tim','Loughton','East Worthing and Shoreham'),(1284,'Karen','Lumley','Redditch'),(1285,'Christian','Matheson','City of Chester'),(1286,'Paul','Maynard','Blackpool North and Cleveleys'),(1287,'Mark','Menzies','Fylde'),(1288,'Huw','Merriman','Bexhill and Battle'),(1289,'Mrs Madeleine','Moon','Bridgend'),(1290,'Nicky','Morgan','Loughborough'),(1291,'David','Morris','Morecambe and Lunesdale'),(1292,'James','Morris','Halesowen and Rowley Regis'),(1293,'Wendy','Morton','Aldridge-Brownhills'),(1294,'Robert','Neill','Bromley and Chislehurst'),(1295,'Sarah','Newton','Truro and Falmouth'),(1296,'Jesse','Norman','Hereford and South Herefordshire'),(1297,'Guy','Opperman','Hexham'),(1298,'Mike','Penning','Hemel Hempstead'),(1299,'John','Penrose','Weston-super-Mare'),(1300,'Andrew','Percy','Brigg and Goole'),(1301,'Claire','Perry','Devizes'),(1302,'Bridget','Phillipson','Houghton and Sunderland South'),(1303,'Dominic','Raab','Esher and Walton'),(1304,'John','Redwood','Wokingham'),(1305,'David','Rutley','Macclesfield'),(1306,'Grant','Shapps','Welwyn Hatfield'),(1307,'Mr Virendra','Sharma','Ealing, Southall'),(1308,'Julian','Smith','Skipton and Ripon'),(1309,'Mark','Spencer','Sherwood'),(1310,'Iain','Stewart','Milton Keynes South'),(1311,'Rory','Stewart','Penrith and The Border'),(1312,'Derek','Thomas','St Ives'),(1313,'Craig','Tracey','North Warwickshire'),(1314,'Stuart','Andrew','Pudsey'),(1315,'Mr John','Baron','Basildon and Billericay'),(1316,'Gavin','Barwell','Croydon Central'),(1317,'Crispin','Blunt','Reigate'),(1318,'Mr Peter','Bone','Wellingborough'),(1319,'Karen','Bradley','Staffordshire Moorlands'),(1320,'Tom','Brake','Carshalton and Wallington'),(1321,'Alistair','Burt','North East Bedfordshire'),(1322,'Alberto','Costa','South Leicestershire'),(1323,'Stephen','Crabb','Preseli Pembrokeshire'),(1324,'Tracey','Crouch','Chatham and Aylesford'),(1325,'Philip','Davies','Shipley'),(1326,'Oliver','Dowden','Hertsmere'),(1327,'Michael','Ellis','Northampton North'),(1328,'Chris','Evans','Islwyn'),(1329,'Zac','Goldsmith','Richmond Park'),(1330,'Mr Sam','Gyimah','East Surrey'),(1331,'Robert','Halfon','Harlow'),(1332,'Mr John','Hayes','South Holland and The Deepings'),(1333,'James','Heappey','Wells'),(1334,'Meg','Hillier','Hackney South and Shoreditch'),(1335,'Dame Margaret','Hodge','Barking'),(1336,'Adam','Holloway','Gravesham'),(1337,'Boris','Johnson','Uxbridge and South Ruislip'),(1338,'Seema','Kennedy','South Ribble'),(1339,'Julian','Knight','Solihull'),(1340,'Jeremy','Lefroy','Stafford'),(1341,'Brandon','Lewis','Great Yarmouth'),(1342,'Rebecca','Long Bailey','Salford and Eccles'),(1343,'Jack','Lopresti','Filton and Bradley Stoke'),(1344,'Caroline','Lucas','Brighton, Pavilion'),(1345,'Catherine','McKinnell','Newcastle upon Tyne North'),(1346,'Mrs Anne','Main','St Albans'),(1347,'Kit','Malthouse','North West Hampshire'),(1348,'Johnny','Mercer','Plymouth, Moor View'),(1349,'David','Mundell','Dumfriesshire, Clydesdale and Tweeddale'),(1350,'Kate','Osamor','Edmonton'),(1351,'Lucy','Powell','Manchester Central'),(1352,'Mr Mark','Prisk','Hertford and Stortford'),(1353,'John','Pugh','Southport'),(1354,'Tom','Pursglove','Corby'),(1355,'Mary','Robinson','Cheadle'),(1356,'Andrew','Selous','South West Bedfordshire'),(1357,'Royston','Smith','Southampton, Itchen'),(1358,'Graham','Stuart','Beverley and Holderness'),(1359,'Julian','Sturdy','York Outer'),(1360,'Mr Hugo','Swire','East Devon'),(1361,'Nick','Thomas-Symonds','Torfaen'),(1362,'Maggie','Throup','Erewash'),(1363,'Tom','Tugendhat','Tonbridge and Malling'),(1364,'Anna','Turley','Redcar'),(1365,'James','Wharton','Stockton South'),(1366,'Helen','Whately','Faversham and Mid Kent'),(1367,'Hywel','Williams','Arfon'),(1368,'Mr Rob','Wilson','Reading East'),(1369,'William','Wragg','Hazel Grove'),(1370,'Jeremy','Wright','Kenilworth and Southam'),(1371,'Nadhim','Zahawi','Stratford-on-Avon'),(1372,'Dr Rosena','Allin-Khan','Tooting'),(1373,'Mr Steve','Baker','Wycombe'),(1374,'Richard','Benyon','Newbury'),(1375,'Andrew','Bingham','High Peak'),(1376,'Andrew','Bridgen','North West Leicestershire'),(1377,'Rehman','Chishti','Gillingham and Rainham'),(1378,'James','Cleverly','Braintree'),(1379,'Damian','Collins','Folkestone and Hythe'),(1380,'Oliver','Colvile','Plymouth, Sutton and Devonport'),(1381,'Mr David','Davis','Haltemprice and Howden'),(1382,'Nadine','Dorries','Mid Bedfordshire'),(1383,'George','Eustice','Camborne and Redruth'),(1384,'Mr Nigel','Evans','Ribble Valley'),(1385,'David','Evennett','Bexleyheath and Crayford'),(1386,'Michael','Fallon','Sevenoaks'),(1387,'Tim','Farron','Westmorland and Lonsdale'),(1388,'George','Freeman','Mid Norfolk'),(1389,'Richard','Fuller','Bedford'),(1390,'Sir Roger','Gale','North Thanet'),(1391,'Mr David','Gauke','South West Hertfordshire'),(1392,'Richard','Graham','Gloucester'),(1393,'Chris','Grayling','Epsom and Ewell'),(1394,'Mr Mark','Harper','Forest of Dean'),(1395,'Rebecca','Harris','Castle Point'),(1396,'Mr Jeremy','Hunt','South West Surrey'),(1397,'Andrea','Jenkyns','Morley and Outwood'),(1398,'Robert','Jenrick','Newark'),(1399,'Gareth','Johnson','Dartford'),(1400,'Joseph','Johnson','Orpington'),(1401,'Mr David','Jones','Clwyd West'),(1402,'Kwasi','Kwarteng','Spelthorne'),(1403,'Mark','Lancaster','Milton Keynes North'),(1404,'Pauline','Latham','Mid Derbyshire'),(1405,'Andrea','Leadsom','South Northamptonshire'),(1406,'Dr Phillip','Lee','Bracknell'),(1407,'Chris','Leslie','Nottingham East'),(1408,'Mrs Emma','Lewell-Buck','South Shields'),(1409,'Karl','McCartney','Lincoln'),(1410,'Natalie','McGarry','Glasgow East'),(1411,'Amanda','Milling','Cannock Chase'),(1412,'Penny','Mordaunt','Portsmouth North'),(1413,'Caroline','Nokes','Romsey and Southampton North'),(1414,'Mark','Pritchard','The Wrekin'),(1415,'Mr Geoffrey','Robinson','Coventry North West'),(1416,'Chris','Skidmore','Kingswood'),(1417,'John','Stevenson','Carlisle'),(1418,'Mr Robert','Syms','Poole'),(1419,'Edward','Timpson','Crewe and Nantwich'),(1420,'Kelly','Tolhurst','Rochester and Strood'),(1421,'Martin','Vickers','Cleethorpes'),(1422,'Mr Ben','Wallace','Wyre and Preston North'),(1423,'Craig','Williams','Cardiff North'),(1424,'Dame Rosie','Winterton','Doncaster Central'),(1425,'Sir David','Amess','Southend West'),(1426,'Caroline','Ansell','Eastbourne'),(1427,'Victoria','Atkins','Louth and Horncastle'),(1428,'Stephen','Barclay','North East Cambridgeshire'),(1429,'Mr Graham','Brady','Altrincham and Sale West'),(1430,'Robert','Buckland','South Swindon'),(1431,'Sir Simon','Burns','Chelmsford'),(1432,'Neil','Carmichael','Stroud'),(1433,'James','Cartlidge','South Suffolk'),(1434,'Maria','Caulfield','Lewes'),(1435,'Mr Geoffrey','Cox','Torridge and West Devon'),(1436,'Stella','Creasy','Walthamstow'),(1437,'Dr James','Davies','Vale of Clwyd'),(1438,'James','Duddridge','Rochford and Southend East'),(1439,'Sir Alan','Duncan','Rutland and Melton'),(1440,'Mr Philip','Dunne','Ludlow'),(1441,'Jonathan','Edwards','Carmarthen East and Dinefwr'),(1442,'Mrs Helen','Grant','Maidstone and The Weald'),(1443,'Stephen','Hammond','Wimbledon'),(1444,'Matthew','Hancock','West Suffolk'),(1445,'Mr Marcus','Jones','Nuneaton'),(1446,'Sir Greg','Knight','East Yorkshire'),(1447,'Norman','Lamb','North Norfolk'),(1448,'Dr Julian','Lewis','New Forest East'),(1449,'Mr Peter','Lilley','Hitchin and Harpenden'),(1450,'Jason','McCartney','Colne Valley'),(1451,'Craig','Mackinlay','South Thanet'),(1452,'Mrs Theresa','May','Maidenhead'),(1453,'Mr Steve','Reed','Croydon North'),(1454,'Alec','Shelbrooke','Elmet and Rothwell'),(1455,'Amanda','Solloway','Derby North'),(1456,'Gareth','Thomas','Harrow West'),(1457,'Michelle','Thomson','Edinburgh West'),(1458,'Elizabeth','Truss','South West Norfolk'),(1459,'Stephen','Twigg','Liverpool, West Derby'),(1460,'Mr Andrew','Tyrie','Chichester'),(1461,'Mr Robin','Walker','Worcester'),(1462,'David','Warburton','Somerton and Frome'),(1463,'Heather','Wheeler','South Derbyshire'),(1464,'Craig','Whittaker','Calder Valley'),(1465,'John','Woodcock','Barrow and Furness'),(1466,'Mr Richard','Bacon','South Norfolk'),(1467,'Harriett','Baldwin','West Worcestershire'),(1468,'Luciana','Berger','Liverpool, Wavertree'),(1469,'Nicola','Blackwood','Oxford West and Abingdon'),(1470,'Victoria','Borwick','Kensington'),(1471,'Mr David','Cameron','Witney'),(1472,'Sir William','Cash','Stone'),(1473,'Geraint','Davies','Swansea West'),(1474,'Michelle','Donelan','Chippenham'),(1475,'Charlie','Elphicke','Dover'),(1476,'Suella','Fernandes','Fareham'),(1477,'Mr Mark','Francois','Rayleigh and Wickford'),(1478,'Justine','Greening','Putney'),(1479,'Andrew','Griffiths','Burton'),(1480,'Sir Oliver','Heald','North East Hertfordshire'),(1481,'Gordon','Henderson','Sittingbourne and Sheppey'),(1482,'Kevin','Hollinrake','Thirsk and Malton'),(1483,'Nigel','Huddleston','Mid Worcestershire'),(1484,'Sir Edward','Leigh','Gainsborough'),(1485,'Charlotte','Leslie','Bristol North West'),(1486,'Mr Oliver','Letwin','West Dorset'),(1487,'Mr Jonathan','Lord','Woking'),(1488,'David','Mackintosh','Northampton South'),(1489,'Seema','Malhotra','Feltham and Heston'),(1490,'Dr Tania','Mathias','Twickenham'),(1491,'Stephen','Metcalfe','South Basildon and East Thurrock'),(1492,'Mrs Maria','Miller','Basingstoke'),(1493,'Mr David','Nuttall','Bury North'),(1494,'Mr Owen','Paterson','North Shropshire'),(1495,'Stephen','Phillips','Sleaford and North Hykeham'),(1496,'Sir Eric','Pickles','Brentwood and Ongar'),(1497,'Victoria','Prentis','Banbury'),(1498,'Andrew','Rosindell','Romford'),(1499,'Mr Keith','Simpson','Broadland'),(1500,'Andrew','Stephenson','Pendle'),(1501,'Mr Gary','Streeter','South West Devon'),(1502,'Justin','Tomlinson','North Swindon'),(1503,'David','Tredinnick','Bosworth'),(1504,'Mr Andrew','Turner','Isle of Wight'),(1505,'Mr Edward','Vaizey','Wantage'),(1506,'Mr Shailesh','Vara','North West Cambridgeshire'),(1507,'Gavin','Williamson','South Staffordshire'),(1508,'Mr Julian','Brazier','Canterbury'),(1509,'James','Brokenshire','Old Bexley and Sidcup'),(1510,'Mr David','Burrowes','Enfield, Southgate'),(1511,'Mr Kenneth','Clarke','Rushcliffe'),(1512,'Mr Nick','Clegg','Sheffield, Hallam'),(1513,'Dr Thérèse','Coffey','Suffolk Coastal'),(1514,'Caroline','Dinenage','Gosport'),(1515,'Stephen','Doughty','Cardiff South and Penarth'),(1516,'Mrs Flick','Drummond','Portsmouth South'),(1517,'Mr Tobias','Ellwood','Bournemouth East'),(1518,'Michael','Fabricant','Lichfield'),(1519,'Mrs Cheryl','Gillan','Chesham and Amersham'),(1520,'Mr Dominic','Grieve','Beaconsfield'),(1521,'Mr Philip','Hammond','Runnymede and Weybridge'),(1522,'Mr Bernard','Jenkin','Harwich and North Essex'),(1523,'Daniel','Kawczynski','Shrewsbury and Atcham'),(1524,'Mrs Eleanor','Laing','Epping Forest'),(1525,'Stephen','McPartland','Stevenage'),(1526,'Rachael','Maskell','York Central'),(1527,'Anne Marie','Morris','Newton Abbot'),(1528,'Dr Matthew','Offord','Hendon'),(1529,'Mr George','Osborne','Tatton'),(1530,'Mr Jacob','Rees-Mogg','North East Somerset'),(1531,'Mr Gavin','Shuker','Luton South'),(1532,'Sir Desmond','Swayne','New Forest West'),(1533,'Michael','Tomlinson','Mid Dorset and North Poole'),(1534,'Mr Charles','Walker','Broxbourne'),(1535,'Mr Adrian','Bailey','West Bromwich West'),(1536,'Sir Paul','Beresford','Mole Valley'),(1537,'Dr Roberta','Blackman-Woods','City of Durham'),(1538,'David T. C.','Davies','Monmouth'),(1539,'Jackie','Doyle-Price','Thurrock'),(1540,'Sir Edward','Garnier','Harborough'),(1541,'Mr Robert','Goodwill','Scarborough and Whitby'),(1542,'Richard','Harrington','Watford'),(1543,'Chris','Heaton-Harris','Daventry'),(1544,'Peter','Heaton-Jones','North Devon'),(1545,'Mr Mark','Hendrick','Preston'),(1546,'George','Hollingbery','Meon Valley'),(1547,'Sir Gerald','Howarth','Aldershot'),(1548,'Mr Stewart','Jackson','Peterborough'),(1549,'Mr David','Lidington','Aylesbury'),(1550,'Mr Andrew','Mitchell','Sutton Coldfield'),(1551,'Mrs Sheryll','Murray','South East Cornwall'),(1552,'Dr Andrew','Murrison','South West Wiltshire'),(1553,'Antoinette','Sandbach','Eddisbury'),(1554,'Liz','Saville Roberts','Dwyfor Meirionnydd'),(1555,'Sir Nicholas','Soames','Mid Sussex'),(1556,'Dr Sarah','Wollaston','Totnes'),(1557,'Jonathan','Ashworth','Leicester South'),(1558,'Sir Henry','Bellingham','North West Norfolk'),(1559,'Sir Peter','Bottomley','Worthing West'),(1560,'Mr Christopher','Chope','Christchurch'),(1561,'Mr Jonathan','Djanogly','Huntingdon'),(1562,'Mr Iain','Duncan Smith','Chingford and Woodford Green'),(1563,'Mrs Louise','Ellman','Liverpool, Riverside'),(1564,'Sir Alan','Haselhurst','Saffron Walden'),(1565,'Mr Philip','Hollobone','Kettering'),(1566,'Mr Ranil','Jayawardena','North East Hampshire'),(1567,'Greg','Mulholland','Leeds North West'),(1568,'Christopher','Pincher','Tamworth'),(1569,'Jonathan','Reynolds','Stalybridge and Hyde'),(1570,'Mr Barry','Sheerman','Huddersfield'),(1571,'Mrs Caroline','Spelman','Meriden'),(1572,'Mrs Theresa','Villiers','Chipping Barnet'),(1573,'Mr John','Whittingdale','Maldon'),(1574,'Tom','Elliott','Fermanagh and South Tyrone'),(1575,'Neil','Gray','Airdrie and Shotts'),(1576,'Chris','Law','Dundee West'),(1577,'Mr Patrick','McLoughlin','Derbyshire Dales'),(1578,'Mr Laurence','Robertson','Tewkesbury'),(1579,'Dame Angela','Watkinson','Hornchurch and Upminster'),(1580,'Mike','Weir','Angus'),(1581,'Mr Mark','Williams','Ceredigion'),(1582,'Alan','Brown','Kilmarnock and Loudoun'),(1583,'Geoffrey','Clifton-Brown','The Cotswolds'),(1584,'Martyn','Day','Linlithgow and East Falkirk'),(1585,'Calum','Kerr','Berwickshire, Roxburgh and Selkirk'),(1586,'Peter','Grant','Glenrothes'),(1587,'Drew','Hendry','Inverness, Nairn, Badenoch and Strathspey'),(1588,'Danny','Kinahan','South Antrim'),(1589,'Mr Ian','Liddell-Grainger','Bridgwater and West Somerset'),(1590,'Mhairi','Black','Paisley and Renfrewshire South'),(1591,'Deidre','Brock','Edinburgh North and Leith'),(1592,'Ronnie','Cowan','Inverclyde'),(1593,'Roger','Mullin','Kirkcaldy and Cowdenbeath'),(1594,'Alex','Salmond','Gordon'),(1595,'Mrs Anne-Marie','Trevelyan','Berwick-upon-Tweed'),(1596,'Corri','Wilson','Ayr, Carrick and Cumnock'),(1597,'Pete','Wishart','Perth and North Perthshire'),(1598,'Ian','Blackford','Ross, Skye and Lochaber'),(1599,'Joanna','Cherry','Edinburgh South West'),(1600,'Patrick','Grady','Glasgow North'),(1601,'Stewart','Hosie','Dundee East'),(1602,'John','Mc Nally','Falkirk'),(1603,'Callum','McCaig','Aberdeen South'),(1604,'John','Nicolson','East Dunbartonshire'),(1605,'Ian','Paisley','North Antrim'),(1606,'Jim','Shannon','Strangford'),(1607,'Owen','Thompson','Midlothian'),(1608,'Hannah','Bardell','Livingston'),(1609,'Philip','Boswell','Coatbridge, Chryston and Bellshill'),(1610,'Angela','Crawley','Lanark and Hamilton East'),(1611,'Marion','Fellows','Motherwell and Wishaw'),(1612,'George','Kerevan','East Lothian'),(1613,'Carol','Monaghan','Glasgow North West'),(1614,'Gavin','Newlands','Paisley and Renfrewshire North'),(1615,'Brendan','OHara','Argyll and Bute'),(1616,'Kirsten','Oswald','East Renfrewshire'),(1617,'Tommy','Sheppard','Edinburgh East'),(1618,'Chris','Stephens','Glasgow South West'),(1619,'Sammy','Wilson','East Antrim'),(1620,'Richard','Arkless','Dumfries and Galloway'),(1621,'Kirsty','Blackman','Aberdeen North'),(1622,'Dr Lisa','Cameron','East Kilbride, Strathaven and Lesmahagow'),(1623,'Mr Alistair','Carmichael','Orkney and Shetland'),(1624,'Douglas','Chapman','Dunfermline and West Fife'),(1625,'Stephen','Gethins','North East Fife'),(1626,'Patricia','Gibson','North Ayrshire and Arran'),(1627,'Anne','McLaughlin','Glasgow North East'),(1628,'Steven','Paterson','Stirling'),(1629,'Angus','Robertson','Moray'),(1630,'David','Simpson','Upper Bann'),(1631,'Alison','Thewliss','Glasgow Central'),(1632,'Mr Nigel','Dodds','Belfast North'),(1633,'Margaret','Ferrier','Rutherglen and Hamilton West'),(1634,'Dr Paul','Monaghan','Caithness, Sutherland and Easter Ross'),(1635,'Gavin','Robinson','Belfast East'),(1636,'Mr Douglas','Carswell','Clacton'),(1637,'Stuart C.','McDonald','Cumbernauld, Kilsyth and Kirkintilloch East'),(1638,'Dr Eilidh','Whiteford','Banff and Buchan'),(1639,'Mark','Durkan','Foyle'),(1640,'Dr Philippa','Whitford','Central Ayrshire'),(1641,'Mr Gregory','Campbell','East Londonderry'),(1642,'Angus Brendan','MacNeil','Na h-Eileanan an Iar'),(1643,'Ms Tasmina','Ahmed-Sheikh','Ochil and South Perthshire'),(1644,'Martin','Docherty-Hughes','West Dunbartonshire'),(1645,'Stuart Blair','Donaldson','West Aberdeenshire and Kincardine'),(1646,'Stewart Malcolm','McDonald','Glasgow South'),(1647,'Sir Jeffrey M.','Donaldson','Lagan Valley'),(1648,'Ms Margaret','Ritchie','South Down'),(1649,'Dr Alasdair','McDonnell','Belfast South');


DROP TABLE IF EXISTS rate;
CREATE TABLE rate (
  room_type varchar(6) NOT NULL DEFAULT '',
  occupancy int NOT NULL DEFAULT '0',
  amount decimal(10,2) DEFAULT NULL,
  PRIMARY KEY (room_type,occupancy),
  CONSTRAINT rate_ibfk_1 FOREIGN KEY (room_type) REFERENCES room_type (id)
);
INSERT INTO rate VALUES ('double',1,56.00),('double',2,72.00),('family',1,56.00),('family',2,72.00),('family',3,84.00),('single',1,48.00),('twin',1,50.00),('twin',2,72.00);

-- Create room table
DROP TABLE IF EXISTS room;

CREATE TABLE room (
  id int NOT NULL,
  room_type varchar(6) DEFAULT NULL,
  max_occupancy int DEFAULT NULL,
  PRIMARY KEY (id),
  FOREIGN KEY (room_type) REFERENCES room_type (id)
);
INSERT INTO room VALUES (101,'single',1),(102,'double',2),(103,'double',2),(104,'double',2),(105,'family',3),(106,'double',2),(107,'double',2),(108,'double',2),(109,'double',2),(110,'double',2),(201,'single',1),(202,'double',2),(203,'double',2),(204,'double',2),(205,'family',3),(206,'double',2),(207,'double',2),(208,'double',2),(209,'double',2),(210,'double',2),(301,'single',1),(302,'double',2),(303,'double',2),(304,'double',2),(305,'family',3),(306,'double',2),(307,'double',2),(308,'double',2),(309,'double',2),(310,'double',2);


-- Create extra table

DROP TABLE IF EXISTS extra;

CREATE TABLE extra (
  extra_id int NOT NULL,
  booking_id int DEFAULT NULL,
  description varchar(50) DEFAULT NULL,
  amount decimal(10,2) DEFAULT NULL,
  PRIMARY KEY (extra_id)
);
INSERT INTO extra VALUES (500101,5001,'Breakfast x 7',63.00),(500201,5002,'Breakfast x 2',18.00),(500301,5003,'Breakfast x 4',36.00),(500302,5003,'Phone Calls £4.69',4.69),(500402,5004,'Phone Calls £3.52',3.52),(500802,5008,'Phone Calls £1.52',1.52),(500901,5009,'Breakfast x 8',72.00),(500902,5009,'Phone Calls £2.69',2.69),(501202,5012,'Phone Calls £3.93',3.93),(501501,5015,'Breakfast x 12',108.00),(502001,5020,'Breakfast x 10',90.00),(502202,5022,'Phone Calls £3.19',3.19),(502301,5023,'Breakfast x 1',9.00),(502302,5023,'Phone Calls £0.50',0.50),(502402,5024,'Phone Calls £1.13',1.13),(502601,5026,'Breakfast x 6',54.00),(502602,5026,'Phone Calls £1.32',1.32),(502801,5028,'Breakfast x 6',54.00),(503201,5032,'Breakfast x 8',72.00),(503202,5032,'Phone Calls £0.70',0.70),(503302,5033,'Phone Calls £2.09',2.09),(503401,5034,'Breakfast x 10',90.00),(503501,5035,'Breakfast x 1',9.00),(503601,5036,'Breakfast x 10',90.00),(503902,5039,'Phone Calls £1.47',1.47),(504101,5041,'Breakfast x 3',27.00),(504401,5044,'Breakfast x 8',72.00),(504402,5044,'Phone Calls £1.84',1.84),(504501,5045,'Breakfast x 4',36.00),(504701,5047,'Breakfast x 10',90.00),(505201,5052,'Breakfast x 5',45.00),(505301,5053,'Breakfast x 2',18.00),(505401,5054,'Breakfast x 6',54.00),(505801,5058,'Breakfast x 6',54.00),(505802,5058,'Phone Calls £1.04',1.04),(506501,5065,'Breakfast x 2',18.00),(506602,5066,'Phone Calls £2.75',2.75),(506902,5069,'Phone Calls £4.26',4.26),(507601,5076,'Breakfast x 3',27.00),(507701,5077,'Breakfast x 10',90.00),(507801,5078,'Breakfast x 4',36.00),(507901,5079,'Breakfast x 5',45.00),(508002,5080,'Phone Calls £4.04',4.04),(508202,5082,'Phone Calls £0.88',0.88),(508301,5083,'Breakfast x 3',27.00),(508402,5084,'Phone Calls £2.24',2.24),(508601,5086,'Breakfast x 5',45.00),(508702,5087,'Phone Calls £3.73',3.73),(508802,5088,'Phone Calls £3.56',3.56),(509001,5090,'Breakfast x 8',72.00),(509102,5091,'Phone Calls £4.54',4.54),(509901,5099,'Breakfast x 10',90.00),(510002,5100,'Phone Calls £2.64',2.64),(510101,5101,'Breakfast x 1',9.00),(510401,5104,'Breakfast x 2',18.00),(510402,5104,'Phone Calls £4.88',4.88),(510601,5106,'Breakfast x 5',45.00),(510701,5107,'Breakfast x 2',18.00),(510802,5108,'Phone Calls £1.88',1.88),(511002,5110,'Phone Calls £2.39',2.39),(511101,5111,'Breakfast x 2',18.00),(511402,5114,'Phone Calls £3.50',3.50),(511501,5115,'Breakfast x 8',72.00),(511502,5115,'Phone Calls £4.76',4.76),(511802,5118,'Phone Calls £0.67',0.67),(512001,5120,'Breakfast x 2',18.00),(512102,5121,'Phone Calls £4.44',4.44),(512401,5124,'Breakfast x 4',36.00),(512402,5124,'Phone Calls £0.91',0.91),(512601,5126,'Breakfast x 5',45.00),(512702,5127,'Phone Calls £0.96',0.96),(512801,5128,'Breakfast x 2',18.00),(512802,5128,'Phone Calls £1.80',1.80),(513002,5130,'Phone Calls £3.39',3.39),(513202,5132,'Phone Calls £4.24',4.24),(513302,5133,'Phone Calls £4.21',4.21),(513402,5134,'Phone Calls £4.32',4.32),(513601,5136,'Breakfast x 2',18.00),(513801,5138,'Breakfast x 10',90.00),(513901,5139,'Breakfast x 2',18.00),(514401,5144,'Breakfast x 1',9.00),(514601,5146,'Breakfast x 4',36.00),(514602,5146,'Phone Calls £3.69',3.69),(515202,5152,'Phone Calls £2.02',2.02),(515302,5153,'Phone Calls £3.48',3.48),(515502,5155,'Phone Calls £2.65',2.65),(515801,5158,'Breakfast x 6',54.00),(515901,5159,'Breakfast x 1',9.00),(516102,5161,'Phone Calls £2.28',2.28),(516201,5162,'Breakfast x 10',90.00),(516202,5162,'Phone Calls £0.57',0.57),(516302,5163,'Phone Calls £4.70',4.70),(516402,5164,'Phone Calls £1.70',1.70),(516901,5169,'Breakfast x 4',36.00),(516902,5169,'Phone Calls £2.75',2.75),(517001,5170,'Breakfast x 6',54.00),(517202,5172,'Phone Calls £1.28',1.28),(517301,5173,'Breakfast x 5',45.00),(517601,5176,'Breakfast x 5',45.00),(517602,5176,'Phone Calls £0.93',0.93),(517701,5177,'Breakfast x 5',45.00),(517902,5179,'Phone Calls £1.34',1.34),(518002,5180,'Phone Calls £1.09',1.09),(518202,5182,'Phone Calls £1.06',1.06),(518302,5183,'Phone Calls £2.52',2.52),(519002,5190,'Phone Calls £1.35',1.35),(519202,5192,'Phone Calls £1.35',1.35),(519301,5193,'Breakfast x 2',18.00),(519702,5197,'Phone Calls £1.98',1.98),(519902,5199,'Phone Calls £3.64',3.64),(520001,5200,'Breakfast x 2',18.00),(520201,5202,'Breakfast x 2',18.00),(520202,5202,'Phone Calls £2.17',2.17),(520501,5205,'Breakfast x 6',54.00),(520602,5206,'Phone Calls £4.63',4.63),(520701,5207,'Breakfast x 4',36.00),(520702,5207,'Phone Calls £2.76',2.76),(520902,5209,'Phone Calls £0.89',0.89),(521101,5211,'Breakfast x 3',27.00),(521401,5214,'Breakfast x 2',18.00),(521901,5219,'Breakfast x 4',36.00),(522001,5220,'Breakfast x 3',27.00),(522102,5221,'Phone Calls £2.29',2.29),(522301,5223,'Breakfast x 2',18.00),(522401,5224,'Breakfast x 2',18.00),(522801,5228,'Breakfast x 1',9.00),(523102,5231,'Phone Calls £4.96',4.96),(523501,5235,'Breakfast x 12',108.00),(523701,5237,'Breakfast x 3',27.00),(523702,5237,'Phone Calls £4.54',4.54),(523901,5239,'Breakfast x 3',27.00),(524001,5240,'Breakfast x 8',72.00),(524201,5242,'Breakfast x 4',36.00),(524302,5243,'Phone Calls £2.43',2.43),(524501,5245,'Breakfast x 1',9.00),(524601,5246,'Breakfast x 10',90.00),(524901,5249,'Breakfast x 3',27.00),(525101,5251,'Breakfast x 4',36.00),(525102,5251,'Phone Calls £4.31',4.31),(525201,5252,'Breakfast x 3',27.00),(525302,5253,'Phone Calls £1.23',1.23),(525402,5254,'Phone Calls £3.51',3.51),(525701,5257,'Breakfast x 1',9.00),(526001,5260,'Breakfast x 4',36.00),(526002,5260,'Phone Calls £3.86',3.86),(526101,5261,'Breakfast x 1',9.00),(526102,5261,'Phone Calls £4.90',4.90),(526301,5263,'Breakfast x 4',36.00),(526302,5263,'Phone Calls £1.10',1.10),(526702,5267,'Phone Calls £1.98',1.98),(527101,5271,'Breakfast x 1',9.00),(527202,5272,'Phone Calls £0.63',0.63),(527402,5274,'Phone Calls £0.70',0.70),(527501,5275,'Breakfast x 3',27.00),(527502,5275,'Phone Calls £3.21',3.21),(527601,5276,'Breakfast x 8',72.00),(527701,5277,'Breakfast x 1',9.00),(527801,5278,'Breakfast x 2',18.00),(528002,5280,'Phone Calls £1.96',1.96),(528202,5282,'Phone Calls £1.85',1.85),(528801,5288,'Breakfast x 2',18.00),(528802,5288,'Phone Calls £0.69',0.69),(529202,5292,'Phone Calls £3.90',3.90),(529401,5294,'Breakfast x 6',54.00),(529502,5295,'Phone Calls £2.98',2.98),(529702,5297,'Phone Calls £4.28',4.28),(530001,5300,'Breakfast x 2',18.00),(530101,5301,'Breakfast x 4',36.00),(530402,5304,'Phone Calls £0.79',0.79),(530702,5307,'Phone Calls £3.22',3.22),(530801,5308,'Breakfast x 10',90.00),(530802,5308,'Phone Calls £0.79',0.79),(531102,5311,'Phone Calls £1.40',1.40),(531301,5313,'Breakfast x 5',45.00),(531401,5314,'Breakfast x 3',27.00),(531501,5315,'Breakfast x 1',9.00),(531702,5317,'Phone Calls £1.99',1.99),(531901,5319,'Breakfast x 8',72.00),(531902,5319,'Phone Calls £1.07',1.07),(532102,5321,'Phone Calls £2.58',2.58),(532302,5323,'Phone Calls £3.39',3.39),(532402,5324,'Phone Calls £0.92',0.92),(532601,5326,'Breakfast x 5',45.00),(532701,5327,'Breakfast x 3',27.00),(532801,5328,'Breakfast x 2',18.00),(532901,5329,'Breakfast x 4',36.00),(533001,5330,'Breakfast x 6',54.00),(533101,5331,'Breakfast x 2',18.00),(533202,5332,'Phone Calls £1.56',1.56),(533302,5333,'Phone Calls £1.07',1.07),(533801,5338,'Breakfast x 5',45.00),(533901,5339,'Breakfast x 5',45.00),(534202,5342,'Phone Calls £1.28',1.28),(534402,5344,'Phone Calls £2.43',2.43),(534501,5345,'Breakfast x 15',135.00),(534601,5346,'Breakfast x 5',45.00),(534602,5346,'Phone Calls £1.56',1.56),(534801,5348,'Breakfast x 8',72.00),(534901,5349,'Breakfast x 5',45.00),(535001,5350,'Breakfast x 2',18.00),(535002,5350,'Phone Calls £1.87',1.87),(535201,5352,'Breakfast x 4',36.00),(535402,5354,'Phone Calls £0.89',0.89),(535602,5356,'Phone Calls £4.77',4.77),(535701,5357,'Breakfast x 8',72.00),(535901,5359,'Breakfast x 5',45.00),(535902,5359,'Phone Calls £4.06',4.06);


-- Create booking table
DROP TABLE IF EXISTS booking;

CREATE TABLE booking (
  booking_id int NOT NULL,
  booking_date date DEFAULT NULL,
  room_no int DEFAULT NULL,
  guest_id int NOT NULL,
  occupants int NOT NULL DEFAULT '1',
  room_type_requested varchar(6) DEFAULT NULL,
  nights int NOT NULL DEFAULT '1',
  arrival_time varchar(5) DEFAULT NULL,
  PRIMARY KEY (booking_id),
--   KEY room_no (room_no),
--   KEY guest_id (guest_id),
--   KEY room_type_requested (room_type_requested,occupants),
  CONSTRAINT booking_ibfk_1 FOREIGN KEY (room_no) REFERENCES room (id),
  CONSTRAINT booking_ibfk_2 FOREIGN KEY (guest_id) REFERENCES guest (id),
  CONSTRAINT booking_ibfk_3 FOREIGN KEY (room_type_requested) REFERENCES room_type (id),
  CONSTRAINT booking_ibfk_4 FOREIGN KEY (room_type_requested, occupants) REFERENCES rate (room_type, occupancy)
);

INSERT INTO booking VALUES (5001,'2016-11-03',101,1027,1,'single',7,'13:00'),(5002,'2016-11-03',102,1179,1,'double',2,'18:00'),(5003,'2016-11-03',103,1106,2,'double',2,'21:00'),(5004,'2016-11-03',104,1238,1,'double',3,'22:00'),(5005,'2016-11-03',105,1540,3,'family',7,'17:00'),(5006,'2016-11-03',106,1021,1,'double',3,'21:00'),(5007,'2016-11-03',107,1623,1,'double',3,'16:00'),(5008,'2016-11-03',108,1136,1,'double',1,'20:00'),(5009,'2016-11-03',109,1585,2,'double',4,'12:00'),(5011,'2016-11-03',201,1613,1,'single',6,'13:00'),(5012,'2016-11-03',202,1601,1,'double',2,'18:00'),(5013,'2016-11-03',203,1027,1,'double',6,'19:00'),(5014,'2016-11-03',204,1592,1,'double',2,'14:00'),(5015,'2016-11-03',205,1331,3,'family',4,'22:00'),(5016,'2016-11-03',206,1268,2,'double',3,'12:00'),(5017,'2016-11-03',207,1486,2,'double',7,'21:00'),(5018,'2016-11-03',208,1622,2,'double',1,'18:00'),(5019,'2016-11-03',209,1564,1,'double',3,'19:00'),(5020,'2016-11-03',210,1626,2,'double',5,'14:00'),(5021,'2016-11-03',301,1406,1,'single',4,'21:00'),(5022,'2016-11-03',302,1009,2,'double',2,'18:00'),(5023,'2016-11-03',303,1041,1,'double',1,'15:00'),(5024,'2016-11-03',304,1373,1,'double',7,'18:00'),(5025,'2016-11-03',305,1490,3,'family',1,'21:00'),(5026,'2016-11-03',306,1280,1,'double',6,'18:00'),(5027,'2016-11-03',307,1367,2,'double',7,'20:00'),(5028,'2016-11-03',308,1102,2,'double',3,'19:00'),(5029,'2016-11-03',309,1060,1,'double',1,'21:00'),(5030,'2016-11-03',310,1055,1,'double',6,'21:00'),(5031,'2016-11-10',101,1492,1,'single',5,'14:00'),(5032,'2016-11-05',102,1502,2,'double',2,'22:00'),(5033,'2016-11-05',103,1333,1,'double',3,'21:00'),(5034,'2016-11-06',104,1310,2,'double',5,'13:00'),(5035,'2016-11-10',105,1155,1,'family',2,'19:00'),(5036,'2016-11-06',106,1390,2,'double',2,'17:00'),(5037,'2016-11-06',107,1130,1,'double',3,'20:00'),(5038,'2016-11-04',108,1544,1,'double',5,'19:00'),(5039,'2016-11-07',109,1222,2,'double',2,'15:00'),(5040,'2016-11-06',110,1270,2,'double',1,'18:00'),(5041,'2016-11-09',201,1503,1,'single',1,'17:00'),(5042,'2016-11-05',202,1028,2,'double',4,'14:00'),(5043,'2016-11-09',203,1596,1,'double',4,'14:00'),(5044,'2016-11-05',204,1460,1,'double',4,'16:00'),(5045,'2016-11-07',205,1303,3,'family',3,'16:00'),(5046,'2016-11-06',206,1443,2,'double',2,'12:00'),(5047,'2016-11-10',207,1014,2,'double',4,'18:00'),(5048,'2016-11-04',208,1168,1,'double',3,'13:00'),(5049,'2016-11-06',209,1470,1,'double',3,'19:00'),(5050,'2016-11-08',210,1315,2,'double',3,'22:00'),(5051,'2016-11-07',301,1540,1,'single',4,'12:00'),(5052,'2016-11-05',302,1039,2,'double',5,'15:00'),(5053,'2016-11-04',303,1387,1,'double',3,'13:00'),(5054,'2016-11-10',304,1320,1,'double',3,'20:00'),(5055,'2016-11-04',305,1139,1,'family',3,'19:00'),(5056,'2016-11-09',306,1330,2,'double',1,'14:00'),(5057,'2016-11-10',307,1637,1,'double',3,'16:00'),(5058,'2016-11-06',308,1154,2,'double',1,'21:00'),(5059,'2016-11-04',309,1203,2,'double',2,'19:00'),(5060,'2016-11-09',310,1127,1,'double',2,'16:00'),(5061,'2016-11-15',101,1344,1,'single',1,'13:00'),(5062,'2016-11-07',102,1295,1,'double',2,'21:00'),(5063,'2016-11-08',103,1185,2,'double',3,'14:00'),(5064,'2016-11-11',104,1601,1,'double',3,'13:00'),(5065,'2016-11-12',105,1500,2,'family',3,'17:00'),(5066,'2016-11-08',106,1475,2,'double',1,'15:00'),(5067,'2016-11-09',107,1372,2,'double',4,'12:00'),(5068,'2016-11-09',108,1138,1,'double',4,'20:00'),(5069,'2016-11-09',109,1313,2,'double',5,'21:00'),(5070,'2016-11-07',110,1159,2,'double',2,'12:00'),(5071,'2016-11-10',201,1167,1,'single',4,'22:00'),(5072,'2016-11-09',202,1432,1,'double',5,'17:00'),(5073,'2016-11-13',203,1283,1,'double',5,'17:00'),(5074,'2016-11-09',204,1435,2,'double',3,'17:00'),(5075,'2016-11-10',205,1404,1,'family',5,'21:00'),(5076,'2016-11-08',206,1603,1,'double',5,'19:00'),(5077,'2016-11-14',207,1112,1,'double',5,'22:00'),(5078,'2016-11-07',208,1498,1,'double',3,'20:00'),(5079,'2016-11-09',209,1198,2,'double',4,'16:00'),(5080,'2016-11-11',210,1348,2,'double',4,'13:00'),(5081,'2016-11-11',301,1138,1,'single',4,'12:00'),(5082,'2016-11-10',302,1473,2,'double',2,'17:00'),(5083,'2016-11-07',303,1178,2,'double',1,'23:00'),(5084,'2016-11-13',304,1549,1,'double',1,'21:00'),(5085,'2016-11-07',305,1110,3,'family',3,'12:00'),(5086,'2016-11-10',306,1634,1,'double',4,'19:00'),(5087,'2016-11-13',307,1624,2,'double',3,'17:00'),(5088,'2016-11-07',308,1390,1,'double',2,'12:00'),(5089,'2016-11-06',309,1295,2,'double',3,'22:00'),(5090,'2016-11-11',310,1241,2,'double',1,'13:00'),(5091,'2016-11-16',101,1185,1,'single',1,'20:00'),(5092,'2016-11-09',102,1064,2,'double',5,'16:00'),(5093,'2016-11-11',103,1480,1,'double',4,'13:00'),(5094,'2016-11-14',104,1487,1,'double',3,'16:00'),(5095,'2016-11-15',105,1127,1,'family',5,'22:00'),(5096,'2016-11-09',106,1363,2,'double',2,'17:00'),(5097,'2016-11-13',107,1051,1,'double',4,'20:00'),(5098,'2016-11-13',108,1420,1,'double',1,'12:00'),(5099,'2016-11-14',109,1315,2,'double',1,'22:00'),(5101,'2016-11-14',201,1287,1,'single',4,'19:00'),(5102,'2016-11-14',202,1336,2,'double',1,'14:00'),(5103,'2016-11-18',203,1133,2,'double',3,'18:00'),(5104,'2016-11-12',204,1339,1,'double',5,'13:00'),(5105,'2016-11-15',205,1323,1,'family',4,'21:00'),(5106,'2016-11-13',206,1019,1,'double',3,'20:00'),(5107,'2016-11-19',207,1649,2,'double',4,'14:00'),(5108,'2016-11-10',208,1608,2,'double',5,'20:00'),(5109,'2016-11-13',209,1490,2,'double',4,'13:00'),(5110,'2016-11-15',210,1649,1,'double',4,'19:00'),(5111,'2016-11-15',301,1407,1,'single',2,'21:00'),(5112,'2016-11-12',302,1556,2,'double',4,'18:00'),(5113,'2016-11-08',303,1627,2,'double',2,'23:00'),(5114,'2016-11-14',304,1595,1,'double',5,'19:00'),(5115,'2016-11-10',305,1295,1,'family',1,'22:00'),(5116,'2016-11-14',306,1240,1,'double',2,'17:00'),(5117,'2016-11-16',307,1520,2,'double',2,'13:00'),(5118,'2016-11-09',308,1511,2,'double',4,'17:00'),(5119,'2016-11-09',309,1282,1,'double',1,'15:00'),(5120,'2016-11-12',310,1106,1,'double',5,'17:00'),(5121,'2016-11-17',101,1187,1,'single',5,'23:00'),(5122,'2016-11-14',102,1400,2,'double',1,'14:00'),(5123,'2016-11-15',103,1041,2,'double',4,'22:00'),(5124,'2016-11-17',104,1477,2,'double',2,'20:00'),(5125,'2016-11-20',105,1231,2,'family',2,'20:00'),(5126,'2016-11-11',106,1564,1,'double',4,'18:00'),(5127,'2016-11-17',107,1393,1,'double',5,'13:00'),(5128,'2016-11-14',108,1531,2,'double',3,'18:00'),(5129,'2016-11-15',109,1624,2,'double',1,'12:00'),(5130,'2016-11-10',110,1564,2,'double',4,'20:00'),(5131,'2016-11-18',201,1306,1,'single',3,'19:00'),(5132,'2016-11-15',202,1020,2,'double',1,'15:00'),(5133,'2016-11-21',203,1075,2,'double',2,'14:00'),(5134,'2016-11-17',204,1431,1,'double',2,'20:00'),(5135,'2016-11-19',205,1399,3,'family',1,'17:00'),(5136,'2016-11-16',206,1614,2,'double',1,'20:00'),(5137,'2016-11-23',207,1640,2,'double',2,'18:00'),(5138,'2016-11-15',208,1155,1,'double',5,'20:00'),(5139,'2016-11-17',209,1528,1,'double',1,'18:00'),(5141,'2016-11-17',301,1086,1,'single',5,'21:00'),(5142,'2016-11-16',302,1133,1,'double',5,'15:00'),(5143,'2016-11-10',303,1038,2,'double',4,'23:00'),(5145,'2016-11-11',305,1247,2,'family',3,'21:00'),(5146,'2016-11-16',306,1091,1,'double',4,'14:00'),(5147,'2016-11-18',307,1383,2,'double',4,'19:00'),(5148,'2016-11-13',308,1238,1,'double',4,'20:00'),(5149,'2016-11-10',309,1017,2,'double',1,'21:00'),(5150,'2016-11-17',310,1526,1,'double',5,'20:00'),(5151,'2016-11-22',101,1037,1,'single',5,'16:00'),(5152,'2016-11-15',102,1598,2,'double',2,'13:00'),(5153,'2016-11-19',103,1552,1,'double',3,'13:00'),(5154,'2016-11-19',104,1224,1,'double',5,'16:00'),(5155,'2016-11-22',105,1241,2,'family',5,'19:00'),(5156,'2016-11-15',106,1208,1,'double',5,'17:00'),(5157,'2016-11-22',107,1062,1,'double',3,'17:00'),(5158,'2016-11-17',108,1049,1,'double',1,'22:00'),(5159,'2016-11-16',109,1249,2,'double',3,'16:00'),(5160,'2016-11-14',110,1394,2,'double',5,'17:00'),(5161,'2016-11-21',201,1354,1,'single',2,'13:00'),(5162,'2016-11-16',202,1600,2,'double',3,'16:00'),(5163,'2016-11-23',203,1325,2,'double',2,'18:00'),(5164,'2016-11-19',204,1015,2,'double',5,'22:00'),(5169,'2016-11-18',209,1561,2,'double',5,'23:00'),(5171,'2016-11-22',301,1637,1,'single',1,'15:00'),(5172,'2016-11-21',302,1325,2,'double',2,'19:00'),(5173,'2016-11-14',303,1489,1,'double',3,'18:00'),(5175,'2016-11-14',305,1304,3,'family',2,'12:00'),(5176,'2016-11-20',306,1250,1,'double',4,'21:00'),(5177,'2016-11-22',307,1298,1,'double',4,'14:00'),(5178,'2016-11-17',308,1331,2,'double',5,'15:00'),(5179,'2016-11-11',309,1496,2,'double',1,'22:00'),(5180,'2016-11-22',310,1444,1,'double',4,'13:00'),(5181,'2016-11-27',101,1649,1,'single',3,'15:00'),(5182,'2016-11-17',102,1394,1,'double',1,'14:00'),(5183,'2016-11-22',103,1176,2,'double',1,'19:00'),(5184,'2016-11-24',104,1397,2,'double',2,'14:00'),(5185,'2016-11-27',105,1061,2,'family',2,'14:00'),(5186,'2016-11-20',106,1209,1,'double',2,'13:00'),(5187,'2016-11-25',107,1585,1,'double',4,'23:00'),(5188,'2016-11-18',108,1470,2,'double',3,'13:00'),(5189,'2016-11-19',109,1199,2,'double',4,'19:00'),(5190,'2016-11-19',110,1092,1,'double',5,'17:00'),(5191,'2016-11-23',201,1064,1,'single',1,'18:00'),(5192,'2016-11-19',202,1531,1,'double',3,'19:00'),(5193,'2016-11-25',203,1078,1,'double',5,'13:00'),(5194,'2016-11-24',204,1040,1,'double',5,'20:00'),(5195,'2016-11-23',205,1491,1,'family',5,'14:00'),(5196,'2016-11-19',206,1217,2,'double',3,'13:00'),(5197,'2016-11-27',207,1205,2,'double',2,'17:00'),(5198,'2016-11-25',208,1428,2,'double',1,'17:00'),(5199,'2016-11-23',209,1476,2,'double',3,'15:00'),(5201,'2016-11-23',301,1388,1,'single',1,'16:00'),(5202,'2016-11-23',302,1445,1,'double',4,'13:00'),(5203,'2016-11-17',303,1424,1,'double',5,'22:00'),(5204,'2016-11-26',304,1608,1,'double',5,'17:00'),(5205,'2016-11-16',305,1152,1,'family',1,'21:00'),(5206,'2016-11-24',306,1460,2,'double',4,'19:00'),(5207,'2016-11-26',307,1575,2,'double',2,'17:00'),(5208,'2016-11-22',308,1254,2,'double',2,'21:00'),(5209,'2016-11-12',309,1208,1,'double',5,'21:00'),(5210,'2016-11-26',310,1457,1,'double',3,'17:00'),(5211,'2016-11-30',101,1064,1,'single',3,'22:00'),(5212,'2016-11-18',102,1286,2,'double',1,'19:00'),(5213,'2016-11-23',103,1382,1,'double',5,'19:00'),(5214,'2016-11-26',104,1063,1,'double',3,'14:00'),(5215,'2016-11-29',105,1293,1,'family',4,'14:00'),(5216,'2016-11-22',106,1269,2,'double',5,'23:00'),(5217,'2016-11-29',107,1221,2,'double',2,'15:00'),(5218,'2016-11-21',108,1235,2,'double',4,'17:00'),(5219,'2016-11-23',109,1193,1,'double',2,'18:00'),(5220,'2016-11-24',110,1221,1,'double',3,'18:00'),(5221,'2016-11-24',201,1094,1,'single',3,'16:00'),(5222,'2016-11-22',202,1143,1,'double',5,'22:00'),(5223,'2016-11-30',203,1414,2,'double',5,'20:00'),(5224,'2016-11-29',204,1547,2,'double',4,'13:00'),(5225,'2016-11-28',205,1614,1,'family',4,'19:00'),(5226,'2016-11-22',206,1647,1,'double',4,'22:00'),(5227,'2016-11-29',207,1339,1,'double',3,'21:00'),(5228,'2016-11-26',208,1313,1,'double',5,'21:00'),(5229,'2016-11-26',209,1441,2,'double',4,'16:00'),(5231,'2016-11-24',301,1411,1,'single',3,'18:00'),(5232,'2016-11-27',302,1534,2,'double',2,'20:00'),(5233,'2016-11-22',303,1625,2,'double',1,'18:00'),(5234,'2016-12-01',304,1421,2,'double',1,'17:00'),(5235,'2016-11-17',305,1588,2,'family',3,'13:00'),(5236,'2016-11-28',306,1169,1,'double',4,'16:00'),(5237,'2016-11-28',307,1003,1,'double',1,'14:00'),(5238,'2016-11-24',308,1173,1,'double',1,'17:00'),(5239,'2016-11-17',309,1342,2,'double',1,'18:00'),(5240,'2016-11-29',310,1547,2,'double',2,'18:00'),(5241,'2016-12-03',101,1266,1,'single',5,'16:00'),(5242,'2016-11-19',102,1301,2,'double',5,'13:00'),(5243,'2016-11-28',103,1492,1,'double',4,'20:00'),(5244,'2016-11-29',104,1473,1,'double',3,'19:00'),(5245,'2016-12-03',105,1459,2,'family',4,'14:00'),(5246,'2016-11-27',106,1544,1,'double',4,'20:00'),(5247,'2016-12-01',107,1362,2,'double',4,'21:00'),(5248,'2016-11-25',108,1379,2,'double',1,'17:00'),(5249,'2016-11-25',109,1223,1,'double',3,'20:00'),(5250,'2016-11-27',110,1380,1,'double',2,'12:00'),(5251,'2016-11-27',201,1630,1,'single',4,'15:00'),(5252,'2016-11-27',202,1144,2,'double',5,'20:00'),(5253,'2016-12-05',203,1287,2,'double',5,'17:00'),(5254,'2016-12-03',204,1323,2,'double',4,'14:00'),(5255,'2016-12-02',205,1597,1,'family',2,'18:00'),(5256,'2016-11-26',206,1062,1,'double',1,'20:00'),(5257,'2016-12-02',207,1148,2,'double',5,'12:00'),(5258,'2016-12-01',208,1017,2,'double',5,'21:00'),(5259,'2016-11-30',209,1280,2,'double',4,'21:00'),(5260,'2016-11-27',210,1374,1,'double',1,'18:00'),(5261,'2016-11-27',301,1173,1,'single',5,'20:00'),(5262,'2016-11-29',302,1291,1,'double',4,'14:00'),(5263,'2016-11-23',303,1100,1,'double',4,'16:00'),(5264,'2016-12-02',304,1092,1,'double',3,'17:00'),(5265,'2016-11-20',305,1062,1,'family',4,'18:00'),(5266,'2016-12-02',306,1550,1,'double',2,'14:00'),(5267,'2016-11-29',307,1366,1,'double',4,'21:00'),(5268,'2016-11-25',308,1050,2,'double',4,'21:00'),(5269,'2016-11-18',309,1639,2,'double',3,'23:00'),(5270,'2016-12-01',310,1053,2,'double',1,'20:00'),(5271,'2016-12-08',101,1345,1,'single',2,'18:00'),(5272,'2016-11-24',102,1571,1,'double',1,'19:00'),(5273,'2016-12-02',103,1235,1,'double',4,'13:00'),(5274,'2016-12-02',104,1294,2,'double',4,'20:00'),(5275,'2016-12-07',105,1108,1,'family',4,'16:00'),(5276,'2016-12-01',106,1055,2,'double',5,'15:00'),(5277,'2016-12-05',107,1621,2,'double',3,'12:00'),(5278,'2016-11-26',108,1224,1,'double',2,'21:00'),(5279,'2016-11-28',109,1469,1,'double',2,'12:00'),(5280,'2016-11-29',110,1449,1,'double',4,'12:00'),(5281,'2016-12-01',201,1640,1,'single',2,'17:00'),(5282,'2016-12-02',202,1149,1,'double',3,'17:00'),(5283,'2016-12-10',203,1360,2,'double',5,'23:00'),(5284,'2016-12-07',204,1057,1,'double',1,'15:00'),(5285,'2016-12-04',205,1431,1,'family',4,'22:00'),(5286,'2016-11-27',206,1272,2,'double',3,'13:00'),(5287,'2016-12-07',207,1110,1,'double',1,'13:00'),(5288,'2016-12-06',208,1242,2,'double',5,'18:00'),(5289,'2016-12-04',209,1147,2,'double',3,'17:00'),(5290,'2016-11-28',210,1074,2,'double',1,'23:00'),(5291,'2016-12-02',301,1456,1,'single',2,'20:00'),(5292,'2016-12-03',302,1264,1,'double',2,'22:00'),(5293,'2016-11-27',303,1183,1,'double',5,'13:00'),(5294,'2016-12-05',304,1115,2,'double',1,'17:00'),(5295,'2016-11-24',305,1538,3,'family',5,'22:00'),(5296,'2016-12-04',306,1629,1,'double',4,'18:00'),(5297,'2016-12-03',307,1532,2,'double',3,'19:00'),(5298,'2016-11-29',308,1123,2,'double',4,'16:00'),(5299,'2016-11-21',309,1336,2,'double',1,'21:00'),(5300,'2016-12-02',310,1588,2,'double',2,'19:00'),(5301,'2016-12-10',101,1394,1,'single',5,'23:00'),(5302,'2016-11-25',102,1306,1,'double',5,'16:00'),(5303,'2016-12-06',103,1259,1,'double',3,'13:00'),(5304,'2016-12-06',104,1440,2,'double',4,'12:00'),(5307,'2016-12-08',107,1542,2,'double',4,'23:00'),(5308,'2016-11-28',108,1576,2,'double',1,'20:00'),(5309,'2016-11-30',109,1047,1,'double',3,'12:00'),(5310,'2016-12-03',110,1471,2,'double',5,'12:00'),(5311,'2016-12-03',201,1021,1,'single',4,'18:00'),(5312,'2016-12-05',202,1512,2,'double',5,'21:00'),(5313,'2016-12-15',203,1312,2,'double',4,'21:00'),(5314,'2016-12-08',204,1245,1,'double',1,'18:00'),(5315,'2016-12-08',205,1573,3,'family',3,'17:00'),(5316,'2016-11-30',206,1509,2,'double',3,'13:00'),(5317,'2016-12-08',207,1341,2,'double',2,'18:00'),(5318,'2016-12-11',208,1538,1,'double',3,'21:00'),(5319,'2016-12-07',209,1241,2,'double',2,'15:00'),(5320,'2016-11-29',210,1448,1,'double',2,'20:00'),(5321,'2016-12-04',301,1469,1,'single',1,'15:00'),(5322,'2016-12-05',302,1528,1,'double',4,'18:00'),(5323,'2016-12-02',303,1645,2,'double',5,'21:00'),(5324,'2016-12-06',304,1331,2,'double',1,'21:00'),(5325,'2016-11-29',305,1204,1,'family',5,'19:00'),(5326,'2016-12-08',306,1108,1,'double',5,'20:00'),(5327,'2016-12-06',307,1534,1,'double',4,'23:00'),(5328,'2016-12-03',308,1289,2,'double',4,'12:00'),(5329,'2016-11-22',309,1270,1,'double',2,'12:00'),(5330,'2016-12-04',310,1421,2,'double',4,'21:00'),(5331,'2016-12-15',101,1273,1,'single',3,'19:00'),(5332,'2016-11-30',102,1533,2,'double',3,'16:00'),(5333,'2016-12-09',103,1152,1,'double',2,'12:00'),(5334,'2016-12-10',104,1462,2,'double',5,'14:00'),(5335,'2016-12-16',105,1429,1,'family',2,'17:00'),(5336,'2016-12-07',106,1500,2,'double',5,'15:00'),(5337,'2016-12-12',107,1051,1,'double',4,'15:00'),(5338,'2016-11-29',108,1384,2,'double',5,'15:00'),(5339,'2016-12-03',109,1185,2,'double',4,'20:00'),(5340,'2016-12-08',110,1227,2,'double',4,'14:00'),(5341,'2016-12-07',201,1179,1,'single',4,'20:00'),(5342,'2016-12-10',202,1252,2,'double',5,'13:00'),(5343,'2016-12-19',203,1526,1,'double',1,'13:00'),(5344,'2016-12-09',204,1480,1,'double',3,'19:00'),(5345,'2016-12-11',205,1588,3,'family',3,'18:00'),(5346,'2016-12-03',206,1048,2,'double',1,'14:00'),(5347,'2016-12-10',207,1199,1,'double',4,'14:00'),(5348,'2016-12-14',208,1366,2,'double',3,'22:00'),(5349,'2016-12-09',209,1375,1,'double',5,'19:00'),(5350,'2016-12-01',210,1413,2,'double',1,'14:00'),(5351,'2016-12-05',301,1108,1,'single',5,'14:00'),(5352,'2016-12-09',302,1390,1,'double',1,'23:00'),(5353,'2016-12-07',303,1515,1,'double',3,'12:00'),(5354,'2016-12-07',304,1194,1,'double',4,'18:00'),(5355,'2016-12-04',305,1419,1,'family',5,'16:00'),(5356,'2016-12-13',306,1444,2,'double',3,'17:00'),(5357,'2016-12-10',307,1054,1,'double',3,'13:00'),(5358,'2016-12-07',308,1072,1,'double',3,'23:00'),(5359,'2016-11-24',309,1597,2,'double',4,'15:00'),(5360,'2016-12-08',310,1343,2,'double',3,'22:00'),(5361,'2016-12-12',301,1001,1,'single',1,'12:00');
